<?xml version="1.0" encoding="UTF-8"?>
<suite name="TaxReportingTest">
  <test name="TaxReportingTest">
  	<listeners>
  		<listener class-name = "SupportLibraries.ListenerClass"/>
  	</listeners>
  	<classes>
  		<class name="textScripts.TechUpgrade.Domino.TPA.HealthCheckForTaxPlanningApp"/>
  		<methods>
      		<include name="checkLogin"/>       		
      		<include name="checkCreateNewInvestmentLink"/>
          <!--
      		<include name="importInvestmentCheck"/>
      		<include name="searchAndEditCheck"/> -->
      		<include name="verifyReports"/>
      		<include name="verifyHelpLink"/> 	
  		</methods>
  	</classes>
  </test> 
</suite> 		
